Date,Year,PeakDate,Bloom
1921-03-06,1921,03-06,1
1921-03-07,1921,03-07,1
1921-03-08,1921,03-08,1
1921-03-09,1921,03-09,1
1921-03-10,1921,03-10,1
1921-03-11,1921,03-11,1
1921-03-12,1921,03-12,1
1921-03-13,1921,03-13,1
1921-03-14,1921,03-14,1
1921-03-15,1921,03-15,1
1921-03-16,1921,03-16,1
1921-03-17,1921,03-17,1
1921-03-18,1921,03-18,1
1921-03-19,1921,03-19,1
1921-03-20,1921,03-20,1
1921-03-21,1921,03-21,1
1921-03-22,1921,03-22,1
1921-03-23,1921,03-23,1
1921-03-24,1921,03-24,1
1921-03-25,1921,03-25,1
1921-03-26,1921,03-26,1
1921-03-27,1921,03-27,1
1922-03-24,1922,03-24,1
1922-03-25,1922,03-25,1
1922-03-26,1922,03-26,1
1922-03-27,1922,03-27,1
1922-03-28,1922,03-28,1
1922-03-29,1922,03-29,1
1922-03-30,1922,03-30,1
1922-03-31,1922,03-31,1
1922-04-01,1922,04-01,1
1922-04-02,1922,04-02,1
1922-04-03,1922,04-03,1
1922-04-04,1922,04-04,1
1922-04-05,1922,04-05,1
1922-04-06,1922,04-06,1
1922-04-07,1922,04-07,1
1922-04-08,1922,04-08,1
1922-04-09,1922,04-09,1
1922-04-10,1922,04-10,1
1922-04-11,1922,04-11,1
1922-04-12,1922,04-12,1
1922-04-13,1922,04-13,1
1922-04-14,1922,04-14,1
1923-03-26,1923,03-26,1
1923-03-27,1923,03-27,1
1923-03-28,1923,03-28,1
1923-03-29,1923,03-29,1
1923-03-30,1923,03-30,1
1923-03-31,1923,03-31,1
1923-04-01,1923,04-01,1
1923-04-02,1923,04-02,1
1923-04-03,1923,04-03,1
1923-04-04,1923,04-04,1
1923-04-05,1923,04-05,1
1923-04-06,1923,04-06,1
1923-04-07,1923,04-07,1
1923-04-08,1923,04-08,1
1923-04-09,1923,04-09,1
1923-04-10,1923,04-10,1
1923-04-11,1923,04-11,1
1923-04-12,1923,04-12,1
1923-04-13,1923,04-13,1
1923-04-14,1923,04-14,1
1923-04-15,1923,04-15,1
1923-04-16,1923,04-16,1
1924-03-30,1924,03-30,1
1924-03-31,1924,03-31,1
1924-04-01,1924,04-01,1
1924-04-02,1924,04-02,1
1924-04-03,1924,04-03,1
1924-04-04,1924,04-04,1
1924-04-05,1924,04-05,1
1924-04-06,1924,04-06,1
1924-04-07,1924,04-07,1
1924-04-08,1924,04-08,1
1924-04-09,1924,04-09,1
1924-04-10,1924,04-10,1
1924-04-11,1924,04-11,1
1924-04-12,1924,04-12,1
1924-04-13,1924,04-13,1
1924-04-14,1924,04-14,1
1924-04-15,1924,04-15,1
1924-04-16,1924,04-16,1
1924-04-17,1924,04-17,1
1924-04-18,1924,04-18,1
1924-04-19,1924,04-19,1
1924-04-20,1924,04-20,1
1925-03-13,1925,03-13,1
1925-03-14,1925,03-14,1
1925-03-15,1925,03-15,1
1925-03-16,1925,03-16,1
1925-03-17,1925,03-17,1
1925-03-18,1925,03-18,1
1925-03-19,1925,03-19,1
1925-03-20,1925,03-20,1
1925-03-21,1925,03-21,1
1925-03-22,1925,03-22,1
1925-03-23,1925,03-23,1
1925-03-24,1925,03-24,1
1925-03-25,1925,03-25,1
1925-03-26,1925,03-26,1
1925-03-27,1925,03-27,1
1925-03-28,1925,03-28,1
1925-03-29,1925,03-29,1
1925-03-30,1925,03-30,1
1925-03-31,1925,03-31,1
1925-04-01,1925,04-01,1
1925-04-02,1925,04-02,1
1925-04-03,1925,04-03,1
1926-03-28,1926,03-28,1
1926-03-29,1926,03-29,1
1926-03-30,1926,03-30,1
1926-03-31,1926,03-31,1
1926-04-01,1926,04-01,1
1926-04-02,1926,04-02,1
1926-04-03,1926,04-03,1
1926-04-04,1926,04-04,1
1926-04-05,1926,04-05,1
1926-04-06,1926,04-06,1
1926-04-07,1926,04-07,1
1926-04-08,1926,04-08,1
1926-04-09,1926,04-09,1
1926-04-10,1926,04-10,1
1926-04-11,1926,04-11,1
1926-04-12,1926,04-12,1
1926-04-13,1926,04-13,1
1926-04-14,1926,04-14,1
1926-04-15,1926,04-15,1
1926-04-16,1926,04-16,1
1926-04-17,1926,04-17,1
1926-04-18,1926,04-18,1
1927-03-06,1927,03-06,1
1927-03-07,1927,03-07,1
1927-03-08,1927,03-08,1
1927-03-09,1927,03-09,1
1927-03-10,1927,03-10,1
1927-03-11,1927,03-11,1
1927-03-12,1927,03-12,1
1927-03-13,1927,03-13,1
1927-03-14,1927,03-14,1
1927-03-15,1927,03-15,1
1927-03-16,1927,03-16,1
1927-03-17,1927,03-17,1
1927-03-18,1927,03-18,1
1927-03-19,1927,03-19,1
1927-03-20,1927,03-20,1
1927-03-21,1927,03-21,1
1927-03-22,1927,03-22,1
1927-03-23,1927,03-23,1
1927-03-24,1927,03-24,1
1927-03-25,1927,03-25,1
1927-03-26,1927,03-26,1
1927-03-27,1927,03-27,1
1928-03-25,1928,03-25,1
1928-03-26,1928,03-26,1
1928-03-27,1928,03-27,1
1928-03-28,1928,03-28,1
1928-03-29,1928,03-29,1
1928-03-30,1928,03-30,1
1928-03-31,1928,03-31,1
1928-04-01,1928,04-01,1
1928-04-02,1928,04-02,1
1928-04-03,1928,04-03,1
1928-04-04,1928,04-04,1
1928-04-05,1928,04-05,1
1928-04-06,1928,04-06,1
1928-04-07,1928,04-07,1
1928-04-08,1928,04-08,1
1928-04-09,1928,04-09,1
1928-04-10,1928,04-10,1
1928-04-11,1928,04-11,1
1928-04-12,1928,04-12,1
1928-04-13,1928,04-13,1
1928-04-14,1928,04-14,1
1928-04-15,1928,04-15,1
1929-03-17,1929,03-17,1
1929-03-18,1929,03-18,1
1929-03-19,1929,03-19,1
1929-03-20,1929,03-20,1
1929-03-21,1929,03-21,1
1929-03-22,1929,03-22,1
1929-03-23,1929,03-23,1
1929-03-24,1929,03-24,1
1929-03-25,1929,03-25,1
1929-03-26,1929,03-26,1
1929-03-27,1929,03-27,1
1929-03-28,1929,03-28,1
1929-03-29,1929,03-29,1
1929-03-30,1929,03-30,1
1929-03-31,1929,03-31,1
1929-04-01,1929,04-01,1
1929-04-02,1929,04-02,1
1929-04-03,1929,04-03,1
1929-04-04,1929,04-04,1
1929-04-05,1929,04-05,1
1929-04-06,1929,04-06,1
1929-04-07,1929,04-07,1
1930-03-18,1930,03-18,1
1930-03-19,1930,03-19,1
1930-03-20,1930,03-20,1
1930-03-21,1930,03-21,1
1930-03-22,1930,03-22,1
1930-03-23,1930,03-23,1
1930-03-24,1930,03-24,1
1930-03-25,1930,03-25,1
1930-03-26,1930,03-26,1
1930-03-27,1930,03-27,1
1930-03-28,1930,03-28,1
1930-03-29,1930,03-29,1
1930-03-30,1930,03-30,1
1930-03-31,1930,03-31,1
1930-04-01,1930,04-01,1
1930-04-02,1930,04-02,1
1930-04-03,1930,04-03,1
1930-04-04,1930,04-04,1
1930-04-05,1930,04-05,1
1930-04-06,1930,04-06,1
1930-04-07,1930,04-07,1
1930-04-08,1930,04-08,1
1931-03-28,1931,03-28,1
1931-03-29,1931,03-29,1
1931-03-30,1931,03-30,1
1931-03-31,1931,03-31,1
1931-04-01,1931,04-01,1
1931-04-02,1931,04-02,1
1931-04-03,1931,04-03,1
1931-04-04,1931,04-04,1
1931-04-05,1931,04-05,1
1931-04-06,1931,04-06,1
1931-04-07,1931,04-07,1
1931-04-08,1931,04-08,1
1931-04-09,1931,04-09,1
1931-04-10,1931,04-10,1
1931-04-11,1931,04-11,1
1931-04-12,1931,04-12,1
1931-04-13,1931,04-13,1
1931-04-14,1931,04-14,1
1931-04-15,1931,04-15,1
1931-04-16,1931,04-16,1
1931-04-17,1931,04-17,1
1931-04-18,1931,04-18,1
1932-04-01,1932,04-01,1
1932-04-02,1932,04-02,1
1932-04-03,1932,04-03,1
1932-04-04,1932,04-04,1
1932-04-05,1932,04-05,1
1932-04-06,1932,04-06,1
1932-04-07,1932,04-07,1
1932-04-08,1932,04-08,1
1932-04-09,1932,04-09,1
1932-04-10,1932,04-10,1
1932-04-11,1932,04-11,1
1932-04-12,1932,04-12,1
1932-04-13,1932,04-13,1
1932-04-14,1932,04-14,1
1932-04-15,1932,04-15,1
1932-04-16,1932,04-16,1
1932-04-17,1932,04-17,1
1932-04-18,1932,04-18,1
1932-04-19,1932,04-19,1
1932-04-20,1932,04-20,1
1932-04-21,1932,04-21,1
1932-04-22,1932,04-22,1
1933-03-26,1933,03-26,1
1933-03-27,1933,03-27,1
1933-03-28,1933,03-28,1
1933-03-29,1933,03-29,1
1933-03-30,1933,03-30,1
1933-03-31,1933,03-31,1
1933-04-01,1933,04-01,1
1933-04-02,1933,04-02,1
1933-04-03,1933,04-03,1
1933-04-04,1933,04-04,1
1933-04-05,1933,04-05,1
1933-04-06,1933,04-06,1
1933-04-07,1933,04-07,1
1933-04-08,1933,04-08,1
1933-04-09,1933,04-09,1
1933-04-10,1933,04-10,1
1933-04-11,1933,04-11,1
1933-04-12,1933,04-12,1
1933-04-13,1933,04-13,1
1933-04-14,1933,04-14,1
1933-04-15,1933,04-15,1
1933-04-16,1933,04-16,1
1934-04-01,1934,04-01,1
1934-04-02,1934,04-02,1
1934-04-03,1934,04-03,1
1934-04-04,1934,04-04,1
1934-04-05,1934,04-05,1
1934-04-06,1934,04-06,1
1934-04-07,1934,04-07,1
1934-04-08,1934,04-08,1
1934-04-09,1934,04-09,1
1934-04-10,1934,04-10,1
1934-04-11,1934,04-11,1
1934-04-12,1934,04-12,1
1934-04-13,1934,04-13,1
1934-04-14,1934,04-14,1
1934-04-15,1934,04-15,1
1934-04-16,1934,04-16,1
1934-04-17,1934,04-17,1
1934-04-18,1934,04-18,1
1934-04-19,1934,04-19,1
1934-04-20,1934,04-20,1
1934-04-21,1934,04-21,1
1934-04-22,1934,04-22,1
1935-03-18,1935,03-18,1
1935-03-19,1935,03-19,1
1935-03-20,1935,03-20,1
1935-03-21,1935,03-21,1
1935-03-22,1935,03-22,1
1935-03-23,1935,03-23,1
1935-03-24,1935,03-24,1
1935-03-25,1935,03-25,1
1935-03-26,1935,03-26,1
1935-03-27,1935,03-27,1
1935-03-28,1935,03-28,1
1935-03-29,1935,03-29,1
1935-03-30,1935,03-30,1
1935-03-31,1935,03-31,1
1935-04-01,1935,04-01,1
1935-04-02,1935,04-02,1
1935-04-03,1935,04-03,1
1935-04-04,1935,04-04,1
1935-04-05,1935,04-05,1
1935-04-06,1935,04-06,1
1935-04-07,1935,04-07,1
1935-04-08,1935,04-08,1
1936-03-24,1936,03-24,1
1936-03-25,1936,03-25,1
1936-03-26,1936,03-26,1
1936-03-27,1936,03-27,1
1936-03-28,1936,03-28,1
1936-03-29,1936,03-29,1
1936-03-30,1936,03-30,1
1936-03-31,1936,03-31,1
1936-04-01,1936,04-01,1
1936-04-02,1936,04-02,1
1936-04-03,1936,04-03,1
1936-04-04,1936,04-04,1
1936-04-05,1936,04-05,1
1936-04-06,1936,04-06,1
1936-04-07,1936,04-07,1
1936-04-08,1936,04-08,1
1936-04-09,1936,04-09,1
1936-04-10,1936,04-10,1
1936-04-11,1936,04-11,1
1936-04-12,1936,04-12,1
1936-04-13,1936,04-13,1
1936-04-14,1936,04-14,1
1937-03-31,1937,03-31,1
1937-04-01,1937,04-01,1
1937-04-02,1937,04-02,1
1937-04-03,1937,04-03,1
1937-04-04,1937,04-04,1
1937-04-05,1937,04-05,1
1937-04-06,1937,04-06,1
1937-04-07,1937,04-07,1
1937-04-08,1937,04-08,1
1937-04-09,1937,04-09,1
1937-04-10,1937,04-10,1
1937-04-11,1937,04-11,1
1937-04-12,1937,04-12,1
1937-04-13,1937,04-13,1
1937-04-14,1937,04-14,1
1937-04-15,1937,04-15,1
1937-04-16,1937,04-16,1
1937-04-17,1937,04-17,1
1937-04-18,1937,04-18,1
1937-04-19,1937,04-19,1
1937-04-20,1937,04-20,1
1937-04-21,1937,04-21,1
1938-03-11,1938,03-11,1
1938-03-12,1938,03-12,1
1938-03-13,1938,03-13,1
1938-03-14,1938,03-14,1
1938-03-15,1938,03-15,1
1938-03-16,1938,03-16,1
1938-03-17,1938,03-17,1
1938-03-18,1938,03-18,1
1938-03-19,1938,03-19,1
1938-03-20,1938,03-20,1
1938-03-21,1938,03-21,1
1938-03-22,1938,03-22,1
1938-03-23,1938,03-23,1
1938-03-24,1938,03-24,1
1938-03-25,1938,03-25,1
1938-03-26,1938,03-26,1
1938-03-27,1938,03-27,1
1938-03-28,1938,03-28,1
1938-03-29,1938,03-29,1
1938-03-30,1938,03-30,1
1938-03-31,1938,03-31,1
1938-04-01,1938,04-01,1
1939-03-16,1939,03-16,1
1939-03-17,1939,03-17,1
1939-03-18,1939,03-18,1
1939-03-19,1939,03-19,1
1939-03-20,1939,03-20,1
1939-03-21,1939,03-21,1
1939-03-22,1939,03-22,1
1939-03-23,1939,03-23,1
1939-03-24,1939,03-24,1
1939-03-25,1939,03-25,1
1939-03-26,1939,03-26,1
1939-03-27,1939,03-27,1
1939-03-28,1939,03-28,1
1939-03-29,1939,03-29,1
1939-03-30,1939,03-30,1
1939-03-31,1939,03-31,1
1939-04-01,1939,04-01,1
1939-04-02,1939,04-02,1
1939-04-03,1939,04-03,1
1939-04-04,1939,04-04,1
1939-04-05,1939,04-05,1
1939-04-06,1939,04-06,1
1940-03-30,1940,03-30,1
1940-03-31,1940,03-31,1
1940-04-01,1940,04-01,1
1940-04-02,1940,04-02,1
1940-04-03,1940,04-03,1
1940-04-04,1940,04-04,1
1940-04-05,1940,04-05,1
1940-04-06,1940,04-06,1
1940-04-07,1940,04-07,1
1940-04-08,1940,04-08,1
1940-04-09,1940,04-09,1
1940-04-10,1940,04-10,1
1940-04-11,1940,04-11,1
1940-04-12,1940,04-12,1
1940-04-13,1940,04-13,1
1940-04-14,1940,04-14,1
1940-04-15,1940,04-15,1
1940-04-16,1940,04-16,1
1940-04-17,1940,04-17,1
1940-04-18,1940,04-18,1
1940-04-19,1940,04-19,1
1940-04-20,1940,04-20,1
1941-03-29,1941,03-29,1
1941-03-30,1941,03-30,1
1941-03-31,1941,03-31,1
1941-04-01,1941,04-01,1
1941-04-02,1941,04-02,1
1941-04-03,1941,04-03,1
1941-04-04,1941,04-04,1
1941-04-05,1941,04-05,1
1941-04-06,1941,04-06,1
1941-04-07,1941,04-07,1
1941-04-08,1941,04-08,1
1941-04-09,1941,04-09,1
1941-04-10,1941,04-10,1
1941-04-11,1941,04-11,1
1941-04-12,1941,04-12,1
1941-04-13,1941,04-13,1
1941-04-14,1941,04-14,1
1941-04-15,1941,04-15,1
1941-04-16,1941,04-16,1
1941-04-17,1941,04-17,1
1941-04-18,1941,04-18,1
1941-04-19,1941,04-19,1
1942-03-22,1942,03-22,1
1942-03-23,1942,03-23,1
1942-03-24,1942,03-24,1
1942-03-25,1942,03-25,1
1942-03-26,1942,03-26,1
1942-03-27,1942,03-27,1
1942-03-28,1942,03-28,1
1942-03-29,1942,03-29,1
1942-03-30,1942,03-30,1
1942-03-31,1942,03-31,1
1942-04-01,1942,04-01,1
1942-04-02,1942,04-02,1
1942-04-03,1942,04-03,1
1942-04-04,1942,04-04,1
1942-04-05,1942,04-05,1
1942-04-06,1942,04-06,1
1942-04-07,1942,04-07,1
1942-04-08,1942,04-08,1
1942-04-09,1942,04-09,1
1942-04-10,1942,04-10,1
1942-04-11,1942,04-11,1
1942-04-12,1942,04-12,1
1943-03-21,1943,03-21,1
1943-03-22,1943,03-22,1
1943-03-23,1943,03-23,1
1943-03-24,1943,03-24,1
1943-03-25,1943,03-25,1
1943-03-26,1943,03-26,1
1943-03-27,1943,03-27,1
1943-03-28,1943,03-28,1
1943-03-29,1943,03-29,1
1943-03-30,1943,03-30,1
1943-03-31,1943,03-31,1
1943-04-01,1943,04-01,1
1943-04-02,1943,04-02,1
1943-04-03,1943,04-03,1
1943-04-04,1943,04-04,1
1943-04-05,1943,04-05,1
1943-04-06,1943,04-06,1
1943-04-07,1943,04-07,1
1943-04-08,1943,04-08,1
1943-04-09,1943,04-09,1
1943-04-10,1943,04-10,1
1943-04-11,1943,04-11,1
1944-03-26,1944,03-26,1
1944-03-27,1944,03-27,1
1944-03-28,1944,03-28,1
1944-03-29,1944,03-29,1
1944-03-30,1944,03-30,1
1944-03-31,1944,03-31,1
1944-04-01,1944,04-01,1
1944-04-02,1944,04-02,1
1944-04-03,1944,04-03,1
1944-04-04,1944,04-04,1
1944-04-05,1944,04-05,1
1944-04-06,1944,04-06,1
1944-04-07,1944,04-07,1
1944-04-08,1944,04-08,1
1944-04-09,1944,04-09,1
1944-04-10,1944,04-10,1
1944-04-11,1944,04-11,1
1944-04-12,1944,04-12,1
1944-04-13,1944,04-13,1
1944-04-14,1944,04-14,1
1944-04-15,1944,04-15,1
1944-04-16,1944,04-16,1
1945-03-06,1945,03-06,1
1945-03-07,1945,03-07,1
1945-03-08,1945,03-08,1
1945-03-09,1945,03-09,1
1945-03-10,1945,03-10,1
1945-03-11,1945,03-11,1
1945-03-12,1945,03-12,1
1945-03-13,1945,03-13,1
1945-03-14,1945,03-14,1
1945-03-15,1945,03-15,1
1945-03-16,1945,03-16,1
1945-03-17,1945,03-17,1
1945-03-18,1945,03-18,1
1945-03-19,1945,03-19,1
1945-03-20,1945,03-20,1
1945-03-21,1945,03-21,1
1945-03-22,1945,03-22,1
1945-03-23,1945,03-23,1
1945-03-24,1945,03-24,1
1945-03-25,1945,03-25,1
1945-03-26,1945,03-26,1
1945-03-27,1945,03-27,1
1946-03-09,1946,03-09,1
1946-03-10,1946,03-10,1
1946-03-11,1946,03-11,1
1946-03-12,1946,03-12,1
1946-03-13,1946,03-13,1
1946-03-14,1946,03-14,1
1946-03-15,1946,03-15,1
1946-03-16,1946,03-16,1
1946-03-17,1946,03-17,1
1946-03-18,1946,03-18,1
1946-03-19,1946,03-19,1
1946-03-20,1946,03-20,1
1946-03-21,1946,03-21,1
1946-03-22,1946,03-22,1
1946-03-23,1946,03-23,1
1946-03-24,1946,03-24,1
1946-03-25,1946,03-25,1
1946-03-26,1946,03-26,1
1946-03-27,1946,03-27,1
1946-03-28,1946,03-28,1
1946-03-29,1946,03-29,1
1946-03-30,1946,03-30,1
1947-03-29,1947,03-29,1
1947-03-30,1947,03-30,1
1947-03-31,1947,03-31,1
1947-04-01,1947,04-01,1
1947-04-02,1947,04-02,1
1947-04-03,1947,04-03,1
1947-04-04,1947,04-04,1
1947-04-05,1947,04-05,1
1947-04-06,1947,04-06,1
1947-04-07,1947,04-07,1
1947-04-08,1947,04-08,1
1947-04-09,1947,04-09,1
1947-04-10,1947,04-10,1
1947-04-11,1947,04-11,1
1947-04-12,1947,04-12,1
1947-04-13,1947,04-13,1
1947-04-14,1947,04-14,1
1947-04-15,1947,04-15,1
1947-04-16,1947,04-16,1
1947-04-17,1947,04-17,1
1947-04-18,1947,04-18,1
1947-04-19,1947,04-19,1
1948-03-14,1948,03-14,1
1948-03-15,1948,03-15,1
1948-03-16,1948,03-16,1
1948-03-17,1948,03-17,1
1948-03-18,1948,03-18,1
1948-03-19,1948,03-19,1
1948-03-20,1948,03-20,1
1948-03-21,1948,03-21,1
1948-03-22,1948,03-22,1
1948-03-23,1948,03-23,1
1948-03-24,1948,03-24,1
1948-03-25,1948,03-25,1
1948-03-26,1948,03-26,1
1948-03-27,1948,03-27,1
1948-03-28,1948,03-28,1
1948-03-29,1948,03-29,1
1948-03-30,1948,03-30,1
1948-03-31,1948,03-31,1
1948-04-01,1948,04-01,1
1948-04-02,1948,04-02,1
1948-04-03,1948,04-03,1
1948-04-04,1948,04-04,1
1949-03-15,1949,03-15,1
1949-03-16,1949,03-16,1
1949-03-17,1949,03-17,1
1949-03-18,1949,03-18,1
1949-03-19,1949,03-19,1
1949-03-20,1949,03-20,1
1949-03-21,1949,03-21,1
1949-03-22,1949,03-22,1
1949-03-23,1949,03-23,1
1949-03-24,1949,03-24,1
1949-03-25,1949,03-25,1
1949-03-26,1949,03-26,1
1949-03-27,1949,03-27,1
1949-03-28,1949,03-28,1
1949-03-29,1949,03-29,1
1949-03-30,1949,03-30,1
1949-03-31,1949,03-31,1
1949-04-01,1949,04-01,1
1949-04-02,1949,04-02,1
1949-04-03,1949,04-03,1
1949-04-04,1949,04-04,1
1949-04-05,1949,04-05,1
1950-03-26,1950,03-26,1
1950-03-27,1950,03-27,1
1950-03-28,1950,03-28,1
1950-03-29,1950,03-29,1
1950-03-30,1950,03-30,1
1950-03-31,1950,03-31,1
1950-04-01,1950,04-01,1
1950-04-02,1950,04-02,1
1950-04-03,1950,04-03,1
1950-04-04,1950,04-04,1
1950-04-05,1950,04-05,1
1950-04-06,1950,04-06,1
1950-04-07,1950,04-07,1
1950-04-08,1950,04-08,1
1950-04-09,1950,04-09,1
1950-04-10,1950,04-10,1
1950-04-11,1950,04-11,1
1950-04-12,1950,04-12,1
1950-04-13,1950,04-13,1
1950-04-14,1950,04-14,1
1950-04-15,1950,04-15,1
1950-04-16,1950,04-16,1
1951-03-23,1951,03-23,1
1951-03-24,1951,03-24,1
1951-03-25,1951,03-25,1
1951-03-26,1951,03-26,1
1951-03-27,1951,03-27,1
1951-03-28,1951,03-28,1
1951-03-29,1951,03-29,1
1951-03-30,1951,03-30,1
1951-03-31,1951,03-31,1
1951-04-01,1951,04-01,1
1951-04-02,1951,04-02,1
1951-04-03,1951,04-03,1
1951-04-04,1951,04-04,1
1951-04-05,1951,04-05,1
1951-04-06,1951,04-06,1
1951-04-07,1951,04-07,1
1951-04-08,1951,04-08,1
1951-04-09,1951,04-09,1
1951-04-10,1951,04-10,1
1951-04-11,1951,04-11,1
1951-04-12,1951,04-12,1
1951-04-13,1951,04-13,1
1952-03-26,1952,03-26,1
1952-03-27,1952,03-27,1
1952-03-28,1952,03-28,1
1952-03-29,1952,03-29,1
1952-03-30,1952,03-30,1
1952-03-31,1952,03-31,1
1952-04-01,1952,04-01,1
1952-04-02,1952,04-02,1
1952-04-03,1952,04-03,1
1952-04-04,1952,04-04,1
1952-04-05,1952,04-05,1
1952-04-06,1952,04-06,1
1952-04-07,1952,04-07,1
1952-04-08,1952,04-08,1
1952-04-09,1952,04-09,1
1952-04-10,1952,04-10,1
1952-04-11,1952,04-11,1
1952-04-12,1952,04-12,1
1952-04-13,1952,04-13,1
1952-04-14,1952,04-14,1
1952-04-15,1952,04-15,1
1952-04-16,1952,04-16,1
1953-03-13,1953,03-13,1
1953-03-14,1953,03-14,1
1953-03-15,1953,03-15,1
1953-03-16,1953,03-16,1
1953-03-17,1953,03-17,1
1953-03-18,1953,03-18,1
1953-03-19,1953,03-19,1
1953-03-20,1953,03-20,1
1953-03-21,1953,03-21,1
1953-03-22,1953,03-22,1
1953-03-23,1953,03-23,1
1953-03-24,1953,03-24,1
1953-03-25,1953,03-25,1
1953-03-26,1953,03-26,1
1953-03-27,1953,03-27,1
1953-03-28,1953,03-28,1
1953-03-29,1953,03-29,1
1953-03-30,1953,03-30,1
1953-03-31,1953,03-31,1
1953-04-01,1953,04-01,1
1953-04-02,1953,04-02,1
1953-04-03,1953,04-03,1
1954-03-23,1954,03-23,1
1954-03-24,1954,03-24,1
1954-03-25,1954,03-25,1
1954-03-26,1954,03-26,1
1954-03-27,1954,03-27,1
1954-03-28,1954,03-28,1
1954-03-29,1954,03-29,1
1954-03-30,1954,03-30,1
1954-03-31,1954,03-31,1
1954-04-01,1954,04-01,1
1954-04-02,1954,04-02,1
1954-04-03,1954,04-03,1
1954-04-04,1954,04-04,1
1954-04-05,1954,04-05,1
1954-04-06,1954,04-06,1
1954-04-07,1954,04-07,1
1954-04-08,1954,04-08,1
1954-04-09,1954,04-09,1
1954-04-10,1954,04-10,1
1954-04-11,1954,04-11,1
1954-04-12,1954,04-12,1
1954-04-13,1954,04-13,1
1955-03-19,1955,03-19,1
1955-03-20,1955,03-20,1
1955-03-21,1955,03-21,1
1955-03-22,1955,03-22,1
1955-03-23,1955,03-23,1
1955-03-24,1955,03-24,1
1955-03-25,1955,03-25,1
1955-03-26,1955,03-26,1
1955-03-27,1955,03-27,1
1955-03-28,1955,03-28,1
1955-03-29,1955,03-29,1
1955-03-30,1955,03-30,1
1955-03-31,1955,03-31,1
1955-04-01,1955,04-01,1
1955-04-02,1955,04-02,1
1955-04-03,1955,04-03,1
1955-04-04,1955,04-04,1
1955-04-05,1955,04-05,1
1955-04-06,1955,04-06,1
1955-04-07,1955,04-07,1
1955-04-08,1955,04-08,1
1955-04-09,1955,04-09,1
1956-03-23,1956,03-23,1
1956-03-24,1956,03-24,1
1956-03-25,1956,03-25,1
1956-03-26,1956,03-26,1
1956-03-27,1956,03-27,1
1956-03-28,1956,03-28,1
1956-03-29,1956,03-29,1
1956-03-30,1956,03-30,1
1956-03-31,1956,03-31,1
1956-04-01,1956,04-01,1
1956-04-02,1956,04-02,1
1956-04-03,1956,04-03,1
1956-04-04,1956,04-04,1
1956-04-05,1956,04-05,1
1956-04-06,1956,04-06,1
1956-04-07,1956,04-07,1
1956-04-08,1956,04-08,1
1956-04-09,1956,04-09,1
1956-04-10,1956,04-10,1
1956-04-11,1956,04-11,1
1956-04-12,1956,04-12,1
1956-04-13,1956,04-13,1
1957-03-25,1957,03-25,1
1957-03-26,1957,03-26,1
1957-03-27,1957,03-27,1
1957-03-28,1957,03-28,1
1957-03-29,1957,03-29,1
1957-03-30,1957,03-30,1
1957-03-31,1957,03-31,1
1957-04-01,1957,04-01,1
1957-04-02,1957,04-02,1
1957-04-03,1957,04-03,1
1957-04-04,1957,04-04,1
1957-04-05,1957,04-05,1
1957-04-06,1957,04-06,1
1957-04-07,1957,04-07,1
1957-04-08,1957,04-08,1
1957-04-09,1957,04-09,1
1957-04-10,1957,04-10,1
1957-04-11,1957,04-11,1
1957-04-12,1957,04-12,1
1957-04-13,1957,04-13,1
1957-04-14,1957,04-14,1
1957-04-15,1957,04-15,1
1958-04-04,1958,04-04,1
1958-04-05,1958,04-05,1
1958-04-06,1958,04-06,1
1958-04-07,1958,04-07,1
1958-04-08,1958,04-08,1
1958-04-09,1958,04-09,1
1958-04-10,1958,04-10,1
1958-04-11,1958,04-11,1
1958-04-12,1958,04-12,1
1958-04-13,1958,04-13,1
1958-04-14,1958,04-14,1
1958-04-15,1958,04-15,1
1958-04-16,1958,04-16,1
1958-04-17,1958,04-17,1
1958-04-18,1958,04-18,1
1958-04-19,1958,04-19,1
1958-04-20,1958,04-20,1
1958-04-21,1958,04-21,1
1958-04-22,1958,04-22,1
1958-04-23,1958,04-23,1
1958-04-24,1958,04-24,1
1958-04-25,1958,04-25,1
1959-03-23,1959,03-23,1
1959-03-24,1959,03-24,1
1959-03-25,1959,03-25,1
1959-03-26,1959,03-26,1
1959-03-27,1959,03-27,1
1959-03-28,1959,03-28,1
1959-03-29,1959,03-29,1
1959-03-30,1959,03-30,1
1959-03-31,1959,03-31,1
1959-04-01,1959,04-01,1
1959-04-02,1959,04-02,1
1959-04-03,1959,04-03,1
1959-04-04,1959,04-04,1
1959-04-05,1959,04-05,1
1959-04-06,1959,04-06,1
1959-04-07,1959,04-07,1
1959-04-08,1959,04-08,1
1959-04-09,1959,04-09,1
1959-04-10,1959,04-10,1
1959-04-11,1959,04-11,1
1959-04-12,1959,04-12,1
1959-04-13,1959,04-13,1
1960-03-31,1960,03-31,1
1960-04-01,1960,04-01,1
1960-04-02,1960,04-02,1
1960-04-03,1960,04-03,1
1960-04-04,1960,04-04,1
1960-04-05,1960,04-05,1
1960-04-06,1960,04-06,1
1960-04-07,1960,04-07,1
1960-04-08,1960,04-08,1
1960-04-09,1960,04-09,1
1960-04-10,1960,04-10,1
1960-04-11,1960,04-11,1
1960-04-12,1960,04-12,1
1960-04-13,1960,04-13,1
1960-04-14,1960,04-14,1
1960-04-15,1960,04-15,1
1960-04-16,1960,04-16,1
1960-04-17,1960,04-17,1
1960-04-18,1960,04-18,1
1960-04-19,1960,04-19,1
1960-04-20,1960,04-20,1
1960-04-21,1960,04-21,1
1961-03-19,1961,03-19,1
1961-03-20,1961,03-20,1
1961-03-21,1961,03-21,1
1961-03-22,1961,03-22,1
1961-03-23,1961,03-23,1
1961-03-24,1961,03-24,1
1961-03-25,1961,03-25,1
1961-03-26,1961,03-26,1
1961-03-27,1961,03-27,1
1961-03-28,1961,03-28,1
1961-03-29,1961,03-29,1
1961-03-30,1961,03-30,1
1961-03-31,1961,03-31,1
1961-04-01,1961,04-01,1
1961-04-02,1961,04-02,1
1961-04-03,1961,04-03,1
1961-04-04,1961,04-04,1
1961-04-05,1961,04-05,1
1961-04-06,1961,04-06,1
1961-04-07,1961,04-07,1
1961-04-08,1961,04-08,1
1961-04-09,1961,04-09,1
1962-03-24,1962,03-24,1
1962-03-25,1962,03-25,1
1962-03-26,1962,03-26,1
1962-03-27,1962,03-27,1
1962-03-28,1962,03-28,1
1962-03-29,1962,03-29,1
1962-03-30,1962,03-30,1
1962-03-31,1962,03-31,1
1962-04-01,1962,04-01,1
1962-04-02,1962,04-02,1
1962-04-03,1962,04-03,1
1962-04-04,1962,04-04,1
1962-04-05,1962,04-05,1
1962-04-06,1962,04-06,1
1962-04-07,1962,04-07,1
1962-04-08,1962,04-08,1
1962-04-09,1962,04-09,1
1962-04-10,1962,04-10,1
1962-04-11,1962,04-11,1
1962-04-12,1962,04-12,1
1962-04-13,1962,04-13,1
1962-04-14,1962,04-14,1
1963-03-20,1963,03-20,1
1963-03-21,1963,03-21,1
1963-03-22,1963,03-22,1
1963-03-23,1963,03-23,1
1963-03-24,1963,03-24,1
1963-03-25,1963,03-25,1
1963-03-26,1963,03-26,1
1963-03-27,1963,03-27,1
1963-03-28,1963,03-28,1
1963-03-29,1963,03-29,1
1963-03-30,1963,03-30,1
1963-03-31,1963,03-31,1
1963-04-01,1963,04-01,1
1963-04-02,1963,04-02,1
1963-04-03,1963,04-03,1
1963-04-04,1963,04-04,1
1963-04-05,1963,04-05,1
1963-04-06,1963,04-06,1
1963-04-07,1963,04-07,1
1963-04-08,1963,04-08,1
1963-04-09,1963,04-09,1
1963-04-10,1963,04-10,1
1964-03-28,1964,03-28,1
1964-03-29,1964,03-29,1
1964-03-30,1964,03-30,1
1964-03-31,1964,03-31,1
1964-04-01,1964,04-01,1
1964-04-02,1964,04-02,1
1964-04-03,1964,04-03,1
1964-04-04,1964,04-04,1
1964-04-05,1964,04-05,1
1964-04-06,1964,04-06,1
1964-04-07,1964,04-07,1
1964-04-08,1964,04-08,1
1964-04-09,1964,04-09,1
1964-04-10,1964,04-10,1
1964-04-11,1964,04-11,1
1964-04-12,1964,04-12,1
1964-04-13,1964,04-13,1
1964-04-14,1964,04-14,1
1964-04-15,1964,04-15,1
1964-04-16,1964,04-16,1
1964-04-17,1964,04-17,1
1964-04-18,1964,04-18,1
1965-04-01,1965,04-01,1
1965-04-02,1965,04-02,1
1965-04-03,1965,04-03,1
1965-04-04,1965,04-04,1
1965-04-05,1965,04-05,1
1965-04-06,1965,04-06,1
1965-04-07,1965,04-07,1
1965-04-08,1965,04-08,1
1965-04-09,1965,04-09,1
1965-04-10,1965,04-10,1
1965-04-11,1965,04-11,1
1965-04-12,1965,04-12,1
1965-04-13,1965,04-13,1
1965-04-14,1965,04-14,1
1965-04-15,1965,04-15,1
1965-04-16,1965,04-16,1
1965-04-17,1965,04-17,1
1965-04-18,1965,04-18,1
1965-04-19,1965,04-19,1
1965-04-20,1965,04-20,1
1965-04-21,1965,04-21,1
1965-04-22,1965,04-22,1
1966-03-22,1966,03-22,1
1966-03-23,1966,03-23,1
1966-03-24,1966,03-24,1
1966-03-25,1966,03-25,1
1966-03-26,1966,03-26,1
1966-03-27,1966,03-27,1
1966-03-28,1966,03-28,1
1966-03-29,1966,03-29,1
1966-03-30,1966,03-30,1
1966-03-31,1966,03-31,1
1966-04-01,1966,04-01,1
1966-04-02,1966,04-02,1
1966-04-03,1966,04-03,1
1966-04-04,1966,04-04,1
1966-04-05,1966,04-05,1
1966-04-06,1966,04-06,1
1966-04-07,1966,04-07,1
1966-04-08,1966,04-08,1
1966-04-09,1966,04-09,1
1966-04-10,1966,04-10,1
1966-04-11,1966,04-11,1
1966-04-12,1966,04-12,1
1967-03-23,1967,03-23,1
1967-03-24,1967,03-24,1
1967-03-25,1967,03-25,1
1967-03-26,1967,03-26,1
1967-03-27,1967,03-27,1
1967-03-28,1967,03-28,1
1967-03-29,1967,03-29,1
1967-03-30,1967,03-30,1
1967-03-31,1967,03-31,1
1967-04-01,1967,04-01,1
1967-04-02,1967,04-02,1
1967-04-03,1967,04-03,1
1967-04-04,1967,04-04,1
1967-04-05,1967,04-05,1
1967-04-06,1967,04-06,1
1967-04-07,1967,04-07,1
1967-04-08,1967,04-08,1
1967-04-09,1967,04-09,1
1967-04-10,1967,04-10,1
1967-04-11,1967,04-11,1
1967-04-12,1967,04-12,1
1967-04-13,1967,04-13,1
1968-03-16,1968,03-16,1
1968-03-17,1968,03-17,1
1968-03-18,1968,03-18,1
1968-03-19,1968,03-19,1
1968-03-20,1968,03-20,1
1968-03-21,1968,03-21,1
1968-03-22,1968,03-22,1
1968-03-23,1968,03-23,1
1968-03-24,1968,03-24,1
1968-03-25,1968,03-25,1
1968-03-26,1968,03-26,1
1968-03-27,1968,03-27,1
1968-03-28,1968,03-28,1
1968-03-29,1968,03-29,1
1968-03-30,1968,03-30,1
1968-03-31,1968,03-31,1
1968-04-01,1968,04-01,1
1968-04-02,1968,04-02,1
1968-04-03,1968,04-03,1
1968-04-04,1968,04-04,1
1968-04-05,1968,04-05,1
1968-04-06,1968,04-06,1
1969-03-26,1969,03-26,1
1969-03-27,1969,03-27,1
1969-03-28,1969,03-28,1
1969-03-29,1969,03-29,1
1969-03-30,1969,03-30,1
1969-03-31,1969,03-31,1
1969-04-01,1969,04-01,1
1969-04-02,1969,04-02,1
1969-04-03,1969,04-03,1
1969-04-04,1969,04-04,1
1969-04-05,1969,04-05,1
1969-04-06,1969,04-06,1
1969-04-07,1969,04-07,1
1969-04-08,1969,04-08,1
1969-04-09,1969,04-09,1
1969-04-10,1969,04-10,1
1969-04-11,1969,04-11,1
1969-04-12,1969,04-12,1
1969-04-13,1969,04-13,1
1969-04-14,1969,04-14,1
1969-04-15,1969,04-15,1
1969-04-16,1969,04-16,1
1970-04-02,1970,04-02,1
1970-04-03,1970,04-03,1
1970-04-04,1970,04-04,1
1970-04-05,1970,04-05,1
1970-04-06,1970,04-06,1
1970-04-07,1970,04-07,1
1970-04-08,1970,04-08,1
1970-04-09,1970,04-09,1
1970-04-10,1970,04-10,1
1970-04-11,1970,04-11,1
1970-04-12,1970,04-12,1
1970-04-13,1970,04-13,1
1970-04-14,1970,04-14,1
1970-04-15,1970,04-15,1
1970-04-16,1970,04-16,1
1970-04-17,1970,04-17,1
1970-04-18,1970,04-18,1
1970-04-19,1970,04-19,1
1970-04-20,1970,04-20,1
1970-04-21,1970,04-21,1
1970-04-22,1970,04-22,1
1970-04-23,1970,04-23,1
1971-03-25,1971,03-25,1
1971-03-26,1971,03-26,1
1971-03-27,1971,03-27,1
1971-03-28,1971,03-28,1
1971-03-29,1971,03-29,1
1971-03-30,1971,03-30,1
1971-03-31,1971,03-31,1
1971-04-01,1971,04-01,1
1971-04-02,1971,04-02,1
1971-04-03,1971,04-03,1
1971-04-04,1971,04-04,1
1971-04-05,1971,04-05,1
1971-04-06,1971,04-06,1
1971-04-07,1971,04-07,1
1971-04-08,1971,04-08,1
1971-04-09,1971,04-09,1
1971-04-10,1971,04-10,1
1971-04-11,1971,04-11,1
1971-04-12,1971,04-12,1
1971-04-13,1971,04-13,1
1971-04-14,1971,04-14,1
1971-04-15,1971,04-15,1
1972-03-28,1972,03-28,1
1972-03-29,1972,03-29,1
1972-03-30,1972,03-30,1
1972-03-31,1972,03-31,1
1972-04-01,1972,04-01,1
1972-04-02,1972,04-02,1
1972-04-03,1972,04-03,1
1972-04-04,1972,04-04,1
1972-04-05,1972,04-05,1
1972-04-06,1972,04-06,1
1972-04-07,1972,04-07,1
1972-04-08,1972,04-08,1
1972-04-09,1972,04-09,1
1972-04-10,1972,04-10,1
1972-04-11,1972,04-11,1
1972-04-12,1972,04-12,1
1972-04-13,1972,04-13,1
1972-04-14,1972,04-14,1
1972-04-15,1972,04-15,1
1972-04-16,1972,04-16,1
1972-04-17,1972,04-17,1
1972-04-18,1972,04-18,1
1973-03-28,1973,03-28,1
1973-03-29,1973,03-29,1
1973-03-30,1973,03-30,1
1973-03-31,1973,03-31,1
1973-04-01,1973,04-01,1
1973-04-02,1973,04-02,1
1973-04-03,1973,04-03,1
1973-04-04,1973,04-04,1
1973-04-05,1973,04-05,1
1973-04-06,1973,04-06,1
1973-04-07,1973,04-07,1
1973-04-08,1973,04-08,1
1973-04-09,1973,04-09,1
1973-04-10,1973,04-10,1
1973-04-11,1973,04-11,1
1973-04-12,1973,04-12,1
1973-04-13,1973,04-13,1
1973-04-14,1973,04-14,1
1973-04-15,1973,04-15,1
1973-04-16,1973,04-16,1
1973-04-17,1973,04-17,1
1973-04-18,1973,04-18,1
1974-03-20,1974,03-20,1
1974-03-21,1974,03-21,1
1974-03-22,1974,03-22,1
1974-03-23,1974,03-23,1
1974-03-24,1974,03-24,1
1974-03-25,1974,03-25,1
1974-03-26,1974,03-26,1
1974-03-27,1974,03-27,1
1974-03-28,1974,03-28,1
1974-03-29,1974,03-29,1
1974-03-30,1974,03-30,1
1974-03-31,1974,03-31,1
1974-04-01,1974,04-01,1
1974-04-02,1974,04-02,1
1974-04-03,1974,04-03,1
1974-04-04,1974,04-04,1
1974-04-05,1974,04-05,1
1974-04-06,1974,04-06,1
1974-04-07,1974,04-07,1
1974-04-08,1974,04-08,1
1974-04-09,1974,04-09,1
1974-04-10,1974,04-10,1
1975-03-20,1975,03-20,1
1975-03-21,1975,03-21,1
1975-03-22,1975,03-22,1
1975-03-23,1975,03-23,1
1975-03-24,1975,03-24,1
1975-03-25,1975,03-25,1
1975-03-26,1975,03-26,1
1975-03-27,1975,03-27,1
1975-03-28,1975,03-28,1
1975-03-29,1975,03-29,1
1975-03-30,1975,03-30,1
1975-03-31,1975,03-31,1
1975-04-01,1975,04-01,1
1975-04-02,1975,04-02,1
1975-04-03,1975,04-03,1
1975-04-04,1975,04-04,1
1975-04-05,1975,04-05,1
1975-04-06,1975,04-06,1
1975-04-07,1975,04-07,1
1975-04-08,1975,04-08,1
1975-04-09,1975,04-09,1
1975-04-10,1975,04-10,1
1976-03-09,1976,03-09,1
1976-03-10,1976,03-10,1
1976-03-11,1976,03-11,1
1976-03-12,1976,03-12,1
1976-03-13,1976,03-13,1
1976-03-14,1976,03-14,1
1976-03-15,1976,03-15,1
1976-03-16,1976,03-16,1
1976-03-17,1976,03-17,1
1976-03-18,1976,03-18,1
1976-03-19,1976,03-19,1
1976-03-20,1976,03-20,1
1976-03-21,1976,03-21,1
1976-03-22,1976,03-22,1
1976-03-23,1976,03-23,1
1976-03-24,1976,03-24,1
1976-03-25,1976,03-25,1
1976-03-26,1976,03-26,1
1976-03-27,1976,03-27,1
1976-03-28,1976,03-28,1
1976-03-29,1976,03-29,1
1976-03-30,1976,03-30,1
1977-03-12,1977,03-12,1
1977-03-13,1977,03-13,1
1977-03-14,1977,03-14,1
1977-03-15,1977,03-15,1
1977-03-16,1977,03-16,1
1977-03-17,1977,03-17,1
1977-03-18,1977,03-18,1
1977-03-19,1977,03-19,1
1977-03-20,1977,03-20,1
1977-03-21,1977,03-21,1
1977-03-22,1977,03-22,1
1977-03-23,1977,03-23,1
1977-03-24,1977,03-24,1
1977-03-25,1977,03-25,1
1977-03-26,1977,03-26,1
1977-03-27,1977,03-27,1
1977-03-28,1977,03-28,1
1977-03-29,1977,03-29,1
1977-03-30,1977,03-30,1
1977-03-31,1977,03-31,1
1977-04-01,1977,04-01,1
1977-04-02,1977,04-02,1
1978-03-29,1978,03-29,1
1978-03-30,1978,03-30,1
1978-03-31,1978,03-31,1
1978-04-01,1978,04-01,1
1978-04-02,1978,04-02,1
1978-04-03,1978,04-03,1
1978-04-04,1978,04-04,1
1978-04-05,1978,04-05,1
1978-04-06,1978,04-06,1
1978-04-07,1978,04-07,1
1978-04-08,1978,04-08,1
1978-04-09,1978,04-09,1
1978-04-10,1978,04-10,1
1978-04-11,1978,04-11,1
1978-04-12,1978,04-12,1
1978-04-13,1978,04-13,1
1978-04-14,1978,04-14,1
1978-04-15,1978,04-15,1
1978-04-16,1978,04-16,1
1978-04-17,1978,04-17,1
1978-04-18,1978,04-18,1
1978-04-19,1978,04-19,1
1979-03-19,1979,03-19,1
1979-03-20,1979,03-20,1
1979-03-21,1979,03-21,1
1979-03-22,1979,03-22,1
1979-03-23,1979,03-23,1
1979-03-24,1979,03-24,1
1979-03-25,1979,03-25,1
1979-03-26,1979,03-26,1
1979-03-27,1979,03-27,1
1979-03-28,1979,03-28,1
1979-03-29,1979,03-29,1
1979-03-30,1979,03-30,1
1979-03-31,1979,03-31,1
1979-04-01,1979,04-01,1
1979-04-02,1979,04-02,1
1979-04-03,1979,04-03,1
1979-04-04,1979,04-04,1
1979-04-05,1979,04-05,1
1979-04-06,1979,04-06,1
1979-04-07,1979,04-07,1
1979-04-08,1979,04-08,1
1979-04-09,1979,04-09,1
1980-03-23,1980,03-23,1
1980-03-24,1980,03-24,1
1980-03-25,1980,03-25,1
1980-03-26,1980,03-26,1
1980-03-27,1980,03-27,1
1980-03-28,1980,03-28,1
1980-03-29,1980,03-29,1
1980-03-30,1980,03-30,1
1980-03-31,1980,03-31,1
1980-04-01,1980,04-01,1
1980-04-02,1980,04-02,1
1980-04-03,1980,04-03,1
1980-04-04,1980,04-04,1
1980-04-05,1980,04-05,1
1980-04-06,1980,04-06,1
1980-04-07,1980,04-07,1
1980-04-08,1980,04-08,1
1980-04-09,1980,04-09,1
1980-04-10,1980,04-10,1
1980-04-11,1980,04-11,1
1980-04-12,1980,04-12,1
1980-04-13,1980,04-13,1
1981-03-20,1981,03-20,1
1981-03-21,1981,03-21,1
1981-03-22,1981,03-22,1
1981-03-23,1981,03-23,1
1981-03-24,1981,03-24,1
1981-03-25,1981,03-25,1
1981-03-26,1981,03-26,1
1981-03-27,1981,03-27,1
1981-03-28,1981,03-28,1
1981-03-29,1981,03-29,1
1981-03-30,1981,03-30,1
1981-03-31,1981,03-31,1
1981-04-01,1981,04-01,1
1981-04-02,1981,04-02,1
1981-04-03,1981,04-03,1
1981-04-04,1981,04-04,1
1981-04-05,1981,04-05,1
1981-04-06,1981,04-06,1
1981-04-07,1981,04-07,1
1981-04-08,1981,04-08,1
1981-04-09,1981,04-09,1
1981-04-10,1981,04-10,1
1982-03-24,1982,03-24,1
1982-03-25,1982,03-25,1
1982-03-26,1982,03-26,1
1982-03-27,1982,03-27,1
1982-03-28,1982,03-28,1
1982-03-29,1982,03-29,1
1982-03-30,1982,03-30,1
1982-03-31,1982,03-31,1
1982-04-01,1982,04-01,1
1982-04-02,1982,04-02,1
1982-04-03,1982,04-03,1
1982-04-04,1982,04-04,1
1982-04-05,1982,04-05,1
1982-04-06,1982,04-06,1
1982-04-07,1982,04-07,1
1982-04-08,1982,04-08,1
1982-04-09,1982,04-09,1
1982-04-10,1982,04-10,1
1982-04-11,1982,04-11,1
1982-04-12,1982,04-12,1
1982-04-13,1982,04-13,1
1982-04-14,1982,04-14,1
1983-03-24,1983,03-24,1
1983-03-25,1983,03-25,1
1983-03-26,1983,03-26,1
1983-03-27,1983,03-27,1
1983-03-28,1983,03-28,1
1983-03-29,1983,03-29,1
1983-03-30,1983,03-30,1
1983-03-31,1983,03-31,1
1983-04-01,1983,04-01,1
1983-04-02,1983,04-02,1
1983-04-03,1983,04-03,1
1983-04-04,1983,04-04,1
1983-04-05,1983,04-05,1
1983-04-06,1983,04-06,1
1983-04-07,1983,04-07,1
1983-04-08,1983,04-08,1
1983-04-09,1983,04-09,1
1983-04-10,1983,04-10,1
1983-04-11,1983,04-11,1
1983-04-12,1983,04-12,1
1983-04-13,1983,04-13,1
1983-04-14,1983,04-14,1
1984-03-20,1984,03-20,1
1984-03-21,1984,03-21,1
1984-03-22,1984,03-22,1
1984-03-23,1984,03-23,1
1984-03-24,1984,03-24,1
1984-03-25,1984,03-25,1
1984-03-26,1984,03-26,1
1984-03-27,1984,03-27,1
1984-03-28,1984,03-28,1
1984-03-29,1984,03-29,1
1984-03-30,1984,03-30,1
1984-03-31,1984,03-31,1
1984-04-01,1984,04-01,1
1984-04-02,1984,04-02,1
1984-04-03,1984,04-03,1
1984-04-04,1984,04-04,1
1984-04-05,1984,04-05,1
1984-04-06,1984,04-06,1
1984-04-07,1984,04-07,1
1984-04-08,1984,04-08,1
1984-04-09,1984,04-09,1
1984-04-10,1984,04-10,1
1985-03-24,1985,03-24,1
1985-03-25,1985,03-25,1
1985-03-26,1985,03-26,1
1985-03-27,1985,03-27,1
1985-03-28,1985,03-28,1
1985-03-29,1985,03-29,1
1985-03-30,1985,03-30,1
1985-03-31,1985,03-31,1
1985-04-01,1985,04-01,1
1985-04-02,1985,04-02,1
1985-04-03,1985,04-03,1
1985-04-04,1985,04-04,1
1985-04-05,1985,04-05,1
1985-04-06,1985,04-06,1
1985-04-07,1985,04-07,1
1985-04-08,1985,04-08,1
1985-04-09,1985,04-09,1
1985-04-10,1985,04-10,1
1985-04-11,1985,04-11,1
1985-04-12,1985,04-12,1
1985-04-13,1985,04-13,1
1985-04-14,1985,04-14,1
1986-03-19,1986,03-19,1
1986-03-20,1986,03-20,1
1986-03-21,1986,03-21,1
1986-03-22,1986,03-22,1
1986-03-23,1986,03-23,1
1986-03-24,1986,03-24,1
1986-03-25,1986,03-25,1
1986-03-26,1986,03-26,1
1986-03-27,1986,03-27,1
1986-03-28,1986,03-28,1
1986-03-29,1986,03-29,1
1986-03-30,1986,03-30,1
1986-03-31,1986,03-31,1
1986-04-01,1986,04-01,1
1986-04-02,1986,04-02,1
1986-04-03,1986,04-03,1
1986-04-04,1986,04-04,1
1986-04-05,1986,04-05,1
1986-04-06,1986,04-06,1
1986-04-07,1986,04-07,1
1986-04-08,1986,04-08,1
1986-04-09,1986,04-09,1
1987-03-14,1987,03-14,1
1987-03-15,1987,03-15,1
1987-03-16,1987,03-16,1
1987-03-17,1987,03-17,1
1987-03-18,1987,03-18,1
1987-03-19,1987,03-19,1
1987-03-20,1987,03-20,1
1987-03-21,1987,03-21,1
1987-03-22,1987,03-22,1
1987-03-23,1987,03-23,1
1987-03-24,1987,03-24,1
1987-03-25,1987,03-25,1
1987-03-26,1987,03-26,1
1987-03-27,1987,03-27,1
1987-03-28,1987,03-28,1
1987-03-29,1987,03-29,1
1987-03-30,1987,03-30,1
1987-03-31,1987,03-31,1
1987-04-01,1987,04-01,1
1987-04-02,1987,04-02,1
1987-04-03,1987,04-03,1
1987-04-04,1987,04-04,1
1988-03-17,1988,03-17,1
1988-03-18,1988,03-18,1
1988-03-19,1988,03-19,1
1988-03-20,1988,03-20,1
1988-03-21,1988,03-21,1
1988-03-22,1988,03-22,1
1988-03-23,1988,03-23,1
1988-03-24,1988,03-24,1
1988-03-25,1988,03-25,1
1988-03-26,1988,03-26,1
1988-03-27,1988,03-27,1
1988-03-28,1988,03-28,1
1988-03-29,1988,03-29,1
1988-03-30,1988,03-30,1
1988-03-31,1988,03-31,1
1988-04-01,1988,04-01,1
1988-04-02,1988,04-02,1
1988-04-03,1988,04-03,1
1988-04-04,1988,04-04,1
1988-04-05,1988,04-05,1
1988-04-06,1988,04-06,1
1988-04-07,1988,04-07,1
1989-03-15,1989,03-15,1
1989-03-16,1989,03-16,1
1989-03-17,1989,03-17,1
1989-03-18,1989,03-18,1
1989-03-19,1989,03-19,1
1989-03-20,1989,03-20,1
1989-03-21,1989,03-21,1
1989-03-22,1989,03-22,1
1989-03-23,1989,03-23,1
1989-03-24,1989,03-24,1
1989-03-25,1989,03-25,1
1989-03-26,1989,03-26,1
1989-03-27,1989,03-27,1
1989-03-28,1989,03-28,1
1989-03-29,1989,03-29,1
1989-03-30,1989,03-30,1
1989-03-31,1989,03-31,1
1989-04-01,1989,04-01,1
1989-04-02,1989,04-02,1
1989-04-03,1989,04-03,1
1989-04-04,1989,04-04,1
1989-04-05,1989,04-05,1
1990-03-01,1990,03-01,1
1990-03-02,1990,03-02,1
1990-03-03,1990,03-03,1
1990-03-04,1990,03-04,1
1990-03-05,1990,03-05,1
1990-03-06,1990,03-06,1
1990-03-07,1990,03-07,1
1990-03-08,1990,03-08,1
1990-03-09,1990,03-09,1
1990-03-10,1990,03-10,1
1990-03-11,1990,03-11,1
1990-03-12,1990,03-12,1
1990-03-13,1990,03-13,1
1990-03-14,1990,03-14,1
1990-03-15,1990,03-15,1
1990-03-16,1990,03-16,1
1990-03-17,1990,03-17,1
1990-03-18,1990,03-18,1
1990-03-19,1990,03-19,1
1990-03-20,1990,03-20,1
1990-03-21,1990,03-21,1
1990-03-22,1990,03-22,1
1991-03-15,1991,03-15,1
1991-03-16,1991,03-16,1
1991-03-17,1991,03-17,1
1991-03-18,1991,03-18,1
1991-03-19,1991,03-19,1
1991-03-20,1991,03-20,1
1991-03-21,1991,03-21,1
1991-03-22,1991,03-22,1
1991-03-23,1991,03-23,1
1991-03-24,1991,03-24,1
1991-03-25,1991,03-25,1
1991-03-26,1991,03-26,1
1991-03-27,1991,03-27,1
1991-03-28,1991,03-28,1
1991-03-29,1991,03-29,1
1991-03-30,1991,03-30,1
1991-03-31,1991,03-31,1
1991-04-01,1991,04-01,1
1991-04-02,1991,04-02,1
1991-04-03,1991,04-03,1
1991-04-04,1991,04-04,1
1991-04-05,1991,04-05,1
1992-03-24,1992,03-24,1
1992-03-25,1992,03-25,1
1992-03-26,1992,03-26,1
1992-03-27,1992,03-27,1
1992-03-28,1992,03-28,1
1992-03-29,1992,03-29,1
1992-03-30,1992,03-30,1
1992-03-31,1992,03-31,1
1992-04-01,1992,04-01,1
1992-04-02,1992,04-02,1
1992-04-03,1992,04-03,1
1992-04-04,1992,04-04,1
1992-04-05,1992,04-05,1
1992-04-06,1992,04-06,1
1992-04-07,1992,04-07,1
1992-04-08,1992,04-08,1
1992-04-09,1992,04-09,1
1992-04-10,1992,04-10,1
1992-04-11,1992,04-11,1
1992-04-12,1992,04-12,1
1992-04-13,1992,04-13,1
1992-04-14,1992,04-14,1
1993-03-28,1993,03-28,1
1993-03-29,1993,03-29,1
1993-03-30,1993,03-30,1
1993-03-31,1993,03-31,1
1993-04-01,1993,04-01,1
1993-04-02,1993,04-02,1
1993-04-03,1993,04-03,1
1993-04-04,1993,04-04,1
1993-04-05,1993,04-05,1
1993-04-06,1993,04-06,1
1993-04-07,1993,04-07,1
1993-04-08,1993,04-08,1
1993-04-09,1993,04-09,1
1993-04-10,1993,04-10,1
1993-04-11,1993,04-11,1
1993-04-12,1993,04-12,1
1993-04-13,1993,04-13,1
1993-04-14,1993,04-14,1
1993-04-15,1993,04-15,1
1993-04-16,1993,04-16,1
1993-04-17,1993,04-17,1
1993-04-18,1993,04-18,1
1994-03-22,1994,03-22,1
1994-03-23,1994,03-23,1
1994-03-24,1994,03-24,1
1994-03-25,1994,03-25,1
1994-03-26,1994,03-26,1
1994-03-27,1994,03-27,1
1994-03-28,1994,03-28,1
1994-03-29,1994,03-29,1
1994-03-30,1994,03-30,1
1994-03-31,1994,03-31,1
1994-04-01,1994,04-01,1
1994-04-02,1994,04-02,1
1994-04-03,1994,04-03,1
1994-04-04,1994,04-04,1
1994-04-05,1994,04-05,1
1994-04-06,1994,04-06,1
1994-04-07,1994,04-07,1
1994-04-08,1994,04-08,1
1994-04-09,1994,04-09,1
1994-04-10,1994,04-10,1
1994-04-11,1994,04-11,1
1994-04-12,1994,04-12,1
1995-03-19,1995,03-19,1
1995-03-20,1995,03-20,1
1995-03-21,1995,03-21,1
1995-03-22,1995,03-22,1
1995-03-23,1995,03-23,1
1995-03-24,1995,03-24,1
1995-03-25,1995,03-25,1
1995-03-26,1995,03-26,1
1995-03-27,1995,03-27,1
1995-03-28,1995,03-28,1
1995-03-29,1995,03-29,1
1995-03-30,1995,03-30,1
1995-03-31,1995,03-31,1
1995-04-01,1995,04-01,1
1995-04-02,1995,04-02,1
1995-04-03,1995,04-03,1
1995-04-04,1995,04-04,1
1995-04-05,1995,04-05,1
1995-04-06,1995,04-06,1
1995-04-07,1995,04-07,1
1995-04-08,1995,04-08,1
1995-04-09,1995,04-09,1
1996-03-21,1996,03-21,1
1996-03-22,1996,03-22,1
1996-03-23,1996,03-23,1
1996-03-24,1996,03-24,1
1996-03-25,1996,03-25,1
1996-03-26,1996,03-26,1
1996-03-27,1996,03-27,1
1996-03-28,1996,03-28,1
1996-03-29,1996,03-29,1
1996-03-30,1996,03-30,1
1996-03-31,1996,03-31,1
1996-04-01,1996,04-01,1
1996-04-02,1996,04-02,1
1996-04-03,1996,04-03,1
1996-04-04,1996,04-04,1
1996-04-05,1996,04-05,1
1996-04-06,1996,04-06,1
1996-04-07,1996,04-07,1
1996-04-08,1996,04-08,1
1996-04-09,1996,04-09,1
1996-04-10,1996,04-10,1
1996-04-11,1996,04-11,1
1997-03-12,1997,03-12,1
1997-03-13,1997,03-13,1
1997-03-14,1997,03-14,1
1997-03-15,1997,03-15,1
1997-03-16,1997,03-16,1
1997-03-17,1997,03-17,1
1997-03-18,1997,03-18,1
1997-03-19,1997,03-19,1
1997-03-20,1997,03-20,1
1997-03-21,1997,03-21,1
1997-03-22,1997,03-22,1
1997-03-23,1997,03-23,1
1997-03-24,1997,03-24,1
1997-03-25,1997,03-25,1
1997-03-26,1997,03-26,1
1997-03-27,1997,03-27,1
1997-03-28,1997,03-28,1
1997-03-29,1997,03-29,1
1997-03-30,1997,03-30,1
1997-03-31,1997,03-31,1
1997-04-01,1997,04-01,1
1997-04-02,1997,04-02,1
1998-03-13,1998,03-13,1
1998-03-14,1998,03-14,1
1998-03-15,1998,03-15,1
1998-03-16,1998,03-16,1
1998-03-17,1998,03-17,1
1998-03-18,1998,03-18,1
1998-03-19,1998,03-19,1
1998-03-20,1998,03-20,1
1998-03-21,1998,03-21,1
1998-03-22,1998,03-22,1
1998-03-23,1998,03-23,1
1998-03-24,1998,03-24,1
1998-03-25,1998,03-25,1
1998-03-26,1998,03-26,1
1998-03-27,1998,03-27,1
1998-03-28,1998,03-28,1
1998-03-29,1998,03-29,1
1998-03-30,1998,03-30,1
1998-03-31,1998,03-31,1
1998-04-01,1998,04-01,1
1998-04-02,1998,04-02,1
1998-04-03,1998,04-03,1
1999-03-22,1999,03-22,1
1999-03-23,1999,03-23,1
1999-03-24,1999,03-24,1
1999-03-25,1999,03-25,1
1999-03-26,1999,03-26,1
1999-03-27,1999,03-27,1
1999-03-28,1999,03-28,1
1999-03-29,1999,03-29,1
1999-03-30,1999,03-30,1
1999-03-31,1999,03-31,1
1999-04-01,1999,04-01,1
1999-04-02,1999,04-02,1
1999-04-03,1999,04-03,1
1999-04-04,1999,04-04,1
1999-04-05,1999,04-05,1
1999-04-06,1999,04-06,1
1999-04-07,1999,04-07,1
1999-04-08,1999,04-08,1
1999-04-09,1999,04-09,1
1999-04-10,1999,04-10,1
1999-04-11,1999,04-11,1
1999-04-12,1999,04-12,1
2000-03-03,2000,03-03,1
2000-03-04,2000,03-04,1
2000-03-05,2000,03-05,1
2000-03-06,2000,03-06,1
2000-03-07,2000,03-07,1
2000-03-08,2000,03-08,1
2000-03-09,2000,03-09,1
2000-03-10,2000,03-10,1
2000-03-11,2000,03-11,1
2000-03-12,2000,03-12,1
2000-03-13,2000,03-13,1
2000-03-14,2000,03-14,1
2000-03-15,2000,03-15,1
2000-03-16,2000,03-16,1
2000-03-17,2000,03-17,1
2000-03-18,2000,03-18,1
2000-03-19,2000,03-19,1
2000-03-20,2000,03-20,1
2000-03-21,2000,03-21,1
2000-03-22,2000,03-22,1
2000-03-23,2000,03-23,1
2000-03-24,2000,03-24,1
2001-03-23,2001,03-23,1
2001-03-24,2001,03-24,1
2001-03-25,2001,03-25,1
2001-03-26,2001,03-26,1
2001-03-27,2001,03-27,1
2001-03-28,2001,03-28,1
2001-03-29,2001,03-29,1
2001-03-30,2001,03-30,1
2001-03-31,2001,03-31,1
2001-04-01,2001,04-01,1
2001-04-02,2001,04-02,1
2001-04-03,2001,04-03,1
2001-04-04,2001,04-04,1
2001-04-05,2001,04-05,1
2001-04-06,2001,04-06,1
2001-04-07,2001,04-07,1
2001-04-08,2001,04-08,1
2001-04-09,2001,04-09,1
2001-04-10,2001,04-10,1
2001-04-11,2001,04-11,1
2001-04-12,2001,04-12,1
2001-04-13,2001,04-13,1
2002-03-19,2002,03-19,1
2002-03-20,2002,03-20,1
2002-03-21,2002,03-21,1
2002-03-22,2002,03-22,1
2002-03-23,2002,03-23,1
2002-03-24,2002,03-24,1
2002-03-25,2002,03-25,1
2002-03-26,2002,03-26,1
2002-03-27,2002,03-27,1
2002-03-28,2002,03-28,1
2002-03-29,2002,03-29,1
2002-03-30,2002,03-30,1
2002-03-31,2002,03-31,1
2002-04-01,2002,04-01,1
2002-04-02,2002,04-02,1
2002-04-03,2002,04-03,1
2002-04-04,2002,04-04,1
2002-04-05,2002,04-05,1
2002-04-06,2002,04-06,1
2002-04-07,2002,04-07,1
2002-04-08,2002,04-08,1
2002-04-09,2002,04-09,1
2003-03-19,2003,03-19,1
2003-03-20,2003,03-20,1
2003-03-21,2003,03-21,1
2003-03-22,2003,03-22,1
2003-03-23,2003,03-23,1
2003-03-24,2003,03-24,1
2003-03-25,2003,03-25,1
2003-03-26,2003,03-26,1
2003-03-27,2003,03-27,1
2003-03-28,2003,03-28,1
2003-03-29,2003,03-29,1
2003-03-30,2003,03-30,1
2003-03-31,2003,03-31,1
2003-04-01,2003,04-01,1
2003-04-02,2003,04-02,1
2003-04-03,2003,04-03,1
2003-04-04,2003,04-04,1
2003-04-05,2003,04-05,1
2003-04-06,2003,04-06,1
2003-04-07,2003,04-07,1
2003-04-08,2003,04-08,1
2003-04-09,2003,04-09,1
2004-03-17,2004,03-17,1
2004-03-18,2004,03-18,1
2004-03-19,2004,03-19,1
2004-03-20,2004,03-20,1
2004-03-21,2004,03-21,1
2004-03-22,2004,03-22,1
2004-03-23,2004,03-23,1
2004-03-24,2004,03-24,1
2004-03-25,2004,03-25,1
2004-03-26,2004,03-26,1
2004-03-27,2004,03-27,1
2004-03-28,2004,03-28,1
2004-03-29,2004,03-29,1
2004-03-30,2004,03-30,1
2004-03-31,2004,03-31,1
2004-04-01,2004,04-01,1
2004-04-02,2004,04-02,1
2004-04-03,2004,04-03,1
2004-04-04,2004,04-04,1
2004-04-05,2004,04-05,1
2004-04-06,2004,04-06,1
2004-04-07,2004,04-07,1
2005-03-26,2005,03-26,1
2005-03-27,2005,03-27,1
2005-03-28,2005,03-28,1
2005-03-29,2005,03-29,1
2005-03-30,2005,03-30,1
2005-03-31,2005,03-31,1
2005-04-01,2005,04-01,1
2005-04-02,2005,04-02,1
2005-04-03,2005,04-03,1
2005-04-04,2005,04-04,1
2005-04-05,2005,04-05,1
2005-04-06,2005,04-06,1
2005-04-07,2005,04-07,1
2005-04-08,2005,04-08,1
2005-04-09,2005,04-09,1
2005-04-10,2005,04-10,1
2005-04-11,2005,04-11,1
2005-04-12,2005,04-12,1
2005-04-13,2005,04-13,1
2005-04-14,2005,04-14,1
2005-04-15,2005,04-15,1
2005-04-16,2005,04-16,1
2006-03-16,2006,03-16,1
2006-03-17,2006,03-17,1
2006-03-18,2006,03-18,1
2006-03-19,2006,03-19,1
2006-03-20,2006,03-20,1
2006-03-21,2006,03-21,1
2006-03-22,2006,03-22,1
2006-03-23,2006,03-23,1
2006-03-24,2006,03-24,1
2006-03-25,2006,03-25,1
2006-03-26,2006,03-26,1
2006-03-27,2006,03-27,1
2006-03-28,2006,03-28,1
2006-03-29,2006,03-29,1
2006-03-30,2006,03-30,1
2006-03-31,2006,03-31,1
2006-04-01,2006,04-01,1
2006-04-02,2006,04-02,1
2006-04-03,2006,04-03,1
2006-04-04,2006,04-04,1
2006-04-05,2006,04-05,1
2006-04-06,2006,04-06,1
2007-03-18,2007,03-18,1
2007-03-19,2007,03-19,1
2007-03-20,2007,03-20,1
2007-03-21,2007,03-21,1
2007-03-22,2007,03-22,1
2007-03-23,2007,03-23,1
2007-03-24,2007,03-24,1
2007-03-25,2007,03-25,1
2007-03-26,2007,03-26,1
2007-03-27,2007,03-27,1
2007-03-28,2007,03-28,1
2007-03-29,2007,03-29,1
2007-03-30,2007,03-30,1
2007-03-31,2007,03-31,1
2007-04-01,2007,04-01,1
2007-04-02,2007,04-02,1
2007-04-03,2007,04-03,1
2007-04-04,2007,04-04,1
2007-04-05,2007,04-05,1
2007-04-06,2007,04-06,1
2007-04-07,2007,04-07,1
2007-04-08,2007,04-08,1
2008-03-12,2008,03-12,1
2008-03-13,2008,03-13,1
2008-03-14,2008,03-14,1
2008-03-15,2008,03-15,1
2008-03-16,2008,03-16,1
2008-03-17,2008,03-17,1
2008-03-18,2008,03-18,1
2008-03-19,2008,03-19,1
2008-03-20,2008,03-20,1
2008-03-21,2008,03-21,1
2008-03-22,2008,03-22,1
2008-03-23,2008,03-23,1
2008-03-24,2008,03-24,1
2008-03-25,2008,03-25,1
2008-03-26,2008,03-26,1
2008-03-27,2008,03-27,1
2008-03-28,2008,03-28,1
2008-03-29,2008,03-29,1
2008-03-30,2008,03-30,1
2008-03-31,2008,03-31,1
2008-04-01,2008,04-01,1
2008-04-02,2008,04-02,1
2009-03-18,2009,03-18,1
2009-03-19,2009,03-19,1
2009-03-20,2009,03-20,1
2009-03-21,2009,03-21,1
2009-03-22,2009,03-22,1
2009-03-23,2009,03-23,1
2009-03-24,2009,03-24,1
2009-03-25,2009,03-25,1
2009-03-26,2009,03-26,1
2009-03-27,2009,03-27,1
2009-03-28,2009,03-28,1
2009-03-29,2009,03-29,1
2009-03-30,2009,03-30,1
2009-03-31,2009,03-31,1
2009-04-01,2009,04-01,1
2009-04-02,2009,04-02,1
2009-04-03,2009,04-03,1
2009-04-04,2009,04-04,1
2009-04-05,2009,04-05,1
2009-04-06,2009,04-06,1
2009-04-07,2009,04-07,1
2009-04-08,2009,04-08,1
2010-03-17,2010,03-17,1
2010-03-18,2010,03-18,1
2010-03-19,2010,03-19,1
2010-03-20,2010,03-20,1
2010-03-21,2010,03-21,1
2010-03-22,2010,03-22,1
2010-03-23,2010,03-23,1
2010-03-24,2010,03-24,1
2010-03-25,2010,03-25,1
2010-03-26,2010,03-26,1
2010-03-27,2010,03-27,1
2010-03-28,2010,03-28,1
2010-03-29,2010,03-29,1
2010-03-30,2010,03-30,1
2010-03-31,2010,03-31,1
2010-04-01,2010,04-01,1
2010-04-02,2010,04-02,1
2010-04-03,2010,04-03,1
2010-04-04,2010,04-04,1
2010-04-05,2010,04-05,1
2010-04-06,2010,04-06,1
2010-04-07,2010,04-07,1
2011-03-15,2011,03-15,1
2011-03-16,2011,03-16,1
2011-03-17,2011,03-17,1
2011-03-18,2011,03-18,1
2011-03-19,2011,03-19,1
2011-03-20,2011,03-20,1
2011-03-21,2011,03-21,1
2011-03-22,2011,03-22,1
2011-03-23,2011,03-23,1
2011-03-24,2011,03-24,1
2011-03-25,2011,03-25,1
2011-03-26,2011,03-26,1
2011-03-27,2011,03-27,1
2011-03-28,2011,03-28,1
2011-03-29,2011,03-29,1
2011-03-30,2011,03-30,1
2011-03-31,2011,03-31,1
2011-04-01,2011,04-01,1
2011-04-02,2011,04-02,1
2011-04-03,2011,04-03,1
2011-04-04,2011,04-04,1
2011-04-05,2011,04-05,1
2012-03-06,2012,03-06,1
2012-03-07,2012,03-07,1
2012-03-08,2012,03-08,1
2012-03-09,2012,03-09,1
2012-03-10,2012,03-10,1
2012-03-11,2012,03-11,1
2012-03-12,2012,03-12,1
2012-03-13,2012,03-13,1
2012-03-14,2012,03-14,1
2012-03-15,2012,03-15,1
2012-03-16,2012,03-16,1
2012-03-17,2012,03-17,1
2012-03-18,2012,03-18,1
2012-03-19,2012,03-19,1
2012-03-20,2012,03-20,1
2012-03-21,2012,03-21,1
2012-03-22,2012,03-22,1
2012-03-23,2012,03-23,1
2012-03-24,2012,03-24,1
2012-03-25,2012,03-25,1
2012-03-26,2012,03-26,1
2012-03-27,2012,03-27,1
2013-03-26,2013,03-26,1
2013-03-27,2013,03-27,1
2013-03-28,2013,03-28,1
2013-03-29,2013,03-29,1
2013-03-30,2013,03-30,1
2013-03-31,2013,03-31,1
2013-04-01,2013,04-01,1
2013-04-02,2013,04-02,1
2013-04-03,2013,04-03,1
2013-04-04,2013,04-04,1
2013-04-05,2013,04-05,1
2013-04-06,2013,04-06,1
2013-04-07,2013,04-07,1
2013-04-08,2013,04-08,1
2013-04-09,2013,04-09,1
2013-04-10,2013,04-10,1
2013-04-11,2013,04-11,1
2013-04-12,2013,04-12,1
2013-04-13,2013,04-13,1
2013-04-14,2013,04-14,1
2013-04-15,2013,04-15,1
2013-04-16,2013,04-16,1
2014-03-27,2014,03-27,1
2014-03-28,2014,03-28,1
2014-03-29,2014,03-29,1
2014-03-30,2014,03-30,1
2014-03-31,2014,03-31,1
2014-04-01,2014,04-01,1
2014-04-02,2014,04-02,1
2014-04-03,2014,04-03,1
2014-04-04,2014,04-04,1
2014-04-05,2014,04-05,1
2014-04-06,2014,04-06,1
2014-04-07,2014,04-07,1
2014-04-08,2014,04-08,1
2014-04-09,2014,04-09,1
2014-04-10,2014,04-10,1
2014-04-11,2014,04-11,1
2014-04-12,2014,04-12,1
2014-04-13,2014,04-13,1
2014-04-14,2014,04-14,1
2014-04-15,2014,04-15,1
2014-04-16,2014,04-16,1
2014-04-17,2014,04-17,1
2015-03-27,2015,03-27,1
2015-03-28,2015,03-28,1
2015-03-29,2015,03-29,1
2015-03-30,2015,03-30,1
2015-03-31,2015,03-31,1
2015-04-01,2015,04-01,1
2015-04-02,2015,04-02,1
2015-04-03,2015,04-03,1
2015-04-04,2015,04-04,1
2015-04-05,2015,04-05,1
2015-04-06,2015,04-06,1
2015-04-07,2015,04-07,1
2015-04-08,2015,04-08,1
2015-04-09,2015,04-09,1
2015-04-10,2015,04-10,1
2015-04-11,2015,04-11,1
2015-04-12,2015,04-12,1
2015-04-13,2015,04-13,1
2015-04-14,2015,04-14,1
2015-04-15,2015,04-15,1
2015-04-16,2015,04-16,1
2015-04-17,2015,04-17,1
